{
    "0": {
        "Temps": 0.4615,
        "Cout": 542
    },
    "1": {
        "Temps": 1.0905,
        "Cout": 500
    },
    "2": {
        "Temps": 1.566062,
        "Cout": 574
    },
    "3": {
        "Temps": 2.029059,
        "Cout": 542
    },
    "4": {
        "Temps": 2.48125,
        "Cout": 516
    },
    "5": {
        "Temps": 2.919473,
        "Cout": 558
    },
    "6": {
        "Temps": 3.356642,
        "Cout": 522
    },
    "7": {
        "Temps": 3.823679,
        "Cout": 515
    },
    "8": {
        "Temps": 4.249771,
        "Cout": 539
    },
    "9": {
        "Temps": 4.65502,
        "Cout": 576
    },
    "10": {
        "Temps": 5.091106,
        "Cout": 508
    },
    "11": {
        "Temps": 5.514128,
        "Cout": 526
    },
    "12": {
        "Temps": 5.931135,
        "Cout": 542
    },
    "13": {
        "Temps": 6.430188,
        "Cout": 541
    },
    "14": {
        "Temps": 6.9112,
        "Cout": 536
    },
    "15": {
        "Temps": 7.335213,
        "Cout": 542
    },
    "16": {
        "Temps": 7.784247,
        "Cout": 450
    },
    "17": {
        "Temps": 8.214887,
        "Cout": 454
    },
    "18": {
        "Temps": 8.647875,
        "Cout": 458
    },
    "19": {
        "Temps": 9.077911,
        "Cout": 453
    },
    "20": {
        "Temps": 9.480902,
        "Cout": 538
    },
    "21": {
        "Temps": 9.891901,
        "Cout": 456
    },
    "22": {
        "Temps": 10.311934,
        "Cout": 478
    },
    "23": {
        "Temps": 10.732902,
        "Cout": 532
    },
    "24": {
        "Temps": 11.141937,
        "Cout": 457
    },
    "25": {
        "Temps": 11.552907,
        "Cout": 512
    },
    "26": {
        "Temps": 12.052903,
        "Cout": 520
    },
    "27": {
        "Temps": 12.472905,
        "Cout": 429
    },
    "28": {
        "Temps": 12.874936,
        "Cout": 466
    },
    "29": {
        "Temps": 13.289928,
        "Cout": 465
    },
    "30": {
        "Temps": 13.681937,
        "Cout": 476
    },
    "31": {
        "Temps": 14.081904,
        "Cout": 462
    },
    "32": {
        "Temps": 14.481901,
        "Cout": 445
    },
    "33": {
        "Temps": 14.878935,
        "Cout": 475
    },
    "34": {
        "Temps": 15.307915,
        "Cout": 481
    },
    "35": {
        "Temps": 15.7189,
        "Cout": 412
    },
    "36": {
        "Temps": 16.163933,
        "Cout": 403
    },
    "37": {
        "Temps": 16.586933,
        "Cout": 416
    },
    "38": {
        "Temps": 17.01693,
        "Cout": 438
    },
    "39": {
        "Temps": 17.642986,
        "Cout": 434
    },
    "40": {
        "Temps": 18.073935,
        "Cout": 397
    },
    "41": {
        "Temps": 18.470935,
        "Cout": 374
    },
    "42": {
        "Temps": 18.918958,
        "Cout": 451
    },
    "43": {
        "Temps": 19.366959,
        "Cout": 412
    },
    "44": {
        "Temps": 19.883934,
        "Cout": 409
    },
    "45": {
        "Temps": 20.317932,
        "Cout": 334
    },
    "46": {
        "Temps": 20.752931,
        "Cout": 384
    },
    "47": {
        "Temps": 21.243535,
        "Cout": 424
    },
    "48": {
        "Temps": 21.696509,
        "Cout": 372
    },
    "49": {
        "Temps": 22.172507,
        "Cout": 420
    },
    "50": {
        "Temps": 22.718506,
        "Cout": 363
    },
    "51": {
        "Temps": 23.187509,
        "Cout": 370
    },
    "52": {
        "Temps": 23.599508,
        "Cout": 357
    },
    "53": {
        "Temps": 24.019517,
        "Cout": 378
    },
    "54": {
        "Temps": 24.435144,
        "Cout": 381
    },
    "55": {
        "Temps": 24.895143,
        "Cout": 358
    },
    "56": {
        "Temps": 25.292154,
        "Cout": 386
    },
    "57": {
        "Temps": 25.696159,
        "Cout": 388
    },
    "58": {
        "Temps": 26.103174,
        "Cout": 374
    },
    "59": {
        "Temps": 26.508169,
        "Cout": 376
    },
    "60": {
        "Temps": 26.896171,
        "Cout": 353
    },
    "61": {
        "Temps": 27.304175,
        "Cout": 390
    },
    "62": {
        "Temps": 27.70922,
        "Cout": 321
    },
    "63": {
        "Temps": 28.148185,
        "Cout": 385
    },
    "64": {
        "Temps": 28.58221,
        "Cout": 383
    },
    "65": {
        "Temps": 29.018199,
        "Cout": 345
    },
    "66": {
        "Temps": 29.413191,
        "Cout": 333
    },
    "67": {
        "Temps": 29.810208,
        "Cout": 323
    },
    "68": {
        "Temps": 30.204219,
        "Cout": 342
    },
    "69": {
        "Temps": 30.599219,
        "Cout": 309
    },
    "70": {
        "Temps": 31.030217,
        "Cout": 344
    },
    "71": {
        "Temps": 31.423218,
        "Cout": 342
    },
    "72": {
        "Temps": 31.81025,
        "Cout": 387
    },
    "73": {
        "Temps": 32.22528,
        "Cout": 365
    },
    "74": {
        "Temps": 32.643237,
        "Cout": 327
    },
    "75": {
        "Temps": 33.061236,
        "Cout": 350
    },
    "76": {
        "Temps": 33.547233,
        "Cout": 347
    },
    "77": {
        "Temps": 34.003263,
        "Cout": 342
    },
    "78": {
        "Temps": 34.422236,
        "Cout": 367
    },
    "79": {
        "Temps": 34.839248,
        "Cout": 338
    },
    "80": {
        "Temps": 35.26026,
        "Cout": 364
    },
    "81": {
        "Temps": 35.678273,
        "Cout": 358
    },
    "82": {
        "Temps": 36.086274,
        "Cout": 338
    },
    "83": {
        "Temps": 36.496288,
        "Cout": 327
    },
    "84": {
        "Temps": 36.889314,
        "Cout": 350
    },
    "85": {
        "Temps": 37.347306,
        "Cout": 308
    },
    "86": {
        "Temps": 37.735309,
        "Cout": 339
    },
    "87": {
        "Temps": 38.178307,
        "Cout": 324
    },
    "88": {
        "Temps": 38.562274,
        "Cout": 367
    },
    "89": {
        "Temps": 39.08827,
        "Cout": 337
    },
    "90": {
        "Temps": 39.532273,
        "Cout": 355
    },
    "91": {
        "Temps": 39.973272,
        "Cout": 355
    },
    "92": {
        "Temps": 40.359946,
        "Cout": 347
    },
    "93": {
        "Temps": 40.819905,
        "Cout": 324
    },
    "94": {
        "Temps": 41.225932,
        "Cout": 349
    },
    "95": {
        "Temps": 41.626904,
        "Cout": 333
    },
    "96": {
        "Temps": 42.022904,
        "Cout": 324
    },
    "97": {
        "Temps": 42.418532,
        "Cout": 311
    },
    "98": {
        "Temps": 42.832537,
        "Cout": 361
    },
    "99": {
        "Temps": 43.237539,
        "Cout": 315
    }
}